City_ID,City,Lat,Lng,Max Temp,Humidity,Cloudiness,Wind Speed,Country,Date
0,yurimaguas,-5.9,-76.0833,23.88,92,100,1.37,PE,1707794527
1,ilulissat,69.2167,-51.1,-24.99,58,74,1.54,GL,1707794527
2,fortaleza,-3.7227,-38.5247,29.01,83,40,3.6,BR,1707794401
3,georgetown,5.4112,100.3354,30.97,58,20,2.57,MY,1707794528
4,thunder bay,48.4001,-89.3168,-10.01,85,0,1.54,CA,1707794528
5,tsiombe,-25.3,45.4833,23.24,93,97,4.29,MG,1707794528
6,edinburgh of the seven seas,-37.0676,-12.3116,17.28,76,92,6.28,SH,1707794528
7,olonkinbyen,70.9221,-8.7187,-1.7,97,100,9.4,SJ,1707794529
8,el calafate,-50.3408,-72.2768,10.61,61,97,2.09,AR,1707794529
9,aasiaat,68.7098,-52.8699,-26.56,100,56,2.75,GL,1707794529
10,grytviken,-54.2811,-36.5092,4.04,96,100,2.45,GS,1707794529
11,waitangi,-43.9535,-176.5597,17.68,78,32,3.58,NZ,1707794530
12,hithadhoo,-0.6,73.0833,28.09,78,100,7.39,MV,1707794530
13,bethel,41.3712,-73.414,3.2,73,20,0.45,US,1707794530
14,st. john's,47.5649,-52.7093,0.99,93,100,5.14,CA,1707794315
15,seydi,39.4816,62.9137,8.44,57,100,4.08,TM,1707794530
16,hermanus,-34.4187,19.2345,21.0,89,85,2.61,ZA,1707794531
17,enewetak,11.3474,162.3373,26.45,77,95,9.9,MH,1707794531
18,sint-truiden,50.8154,5.184,4.44,91,64,4.13,BE,1707794531
19,northam,51.0333,-4.2167,6.33,82,98,5.04,GB,1707794531
20,fale old settlement,-9.3852,-171.2468,27.57,86,100,10.17,TK,1707794532
21,acajutla,13.5928,-89.8275,25.66,75,17,1.76,SV,1707794532
22,west island,-12.1568,96.8225,29.99,70,40,5.14,CC,1707794532
23,malanje,-9.5402,16.341,18.27,95,100,0.93,AO,1707794532
24,fort bragg,35.139,-79.006,15.46,94,100,3.6,US,1707794533
25,udachny,66.4167,112.4,-32.21,95,100,4.22,RU,1707794533
26,adamstown,-25.066,-130.1015,25.0,90,100,6.54,PN,1707794533
27,san pedro pochutla,15.7333,-96.4667,23.27,80,1,1.67,MX,1707794526
28,badger,64.8,-147.5333,-5.91,88,75,3.6,US,1707794534
29,anadyr,64.75,177.4833,-29.72,74,0,5.0,RU,1707794534
30,onega,63.9061,38.1404,-25.48,100,12,1.25,RU,1707794534
31,thompson,55.7435,-97.8558,-8.91,86,100,2.06,CA,1707794241
32,hilo,19.7297,-155.09,25.16,81,100,1.54,US,1707794534
33,blackmans bay,-43.0167,147.3167,21.52,64,47,0.45,AU,1707794535
34,longyearbyen,78.2186,15.6401,-11.09,79,0,0.51,SJ,1707794534
35,margate,51.3813,1.3862,5.94,85,100,1.79,GB,1707794535
36,weno,7.4515,151.8468,29.97,66,40,6.69,FM,1707794535
37,port-aux-francais,-49.35,70.2167,7.32,95,100,12.99,TF,1707794536
38,dzhalagash,45.0833,64.6667,-2.53,63,45,2.95,KZ,1707794536
39,gualaceo,-2.9,-78.7833,17.81,99,100,0.49,EC,1707794537
40,vadso,70.0744,29.7487,-8.91,86,75,5.14,NO,1707794537
41,fayzabad,37.1166,70.58,2.6,49,97,3.27,AF,1707794538
42,monchegorsk,67.9397,32.8739,-23.75,99,45,2.18,RU,1707794538
43,puerto natales,-51.7236,-72.4875,7.76,84,99,2.04,CL,1707794538
44,heishan,41.6892,122.1128,7.64,57,0,6.35,CN,1707794538
45,constantia,44.1833,28.65,4.38,81,100,2.66,RO,1707794539
46,praia da vitoria,38.7333,-27.0667,17.09,82,20,12.6,PT,1707794539
47,yanam,16.7333,82.2167,25.65,61,72,2.7,IN,1707794540
48,tazovsky,67.4667,78.7,-39.75,100,33,1.28,RU,1707794543
49,mitu,1.1983,-70.1733,23.24,96,92,0.9,CO,1707794545
50,bilibino,68.0546,166.4372,-34.46,97,90,0.31,RU,1707794546
51,port elizabeth,-33.918,25.5701,20.16,91,20,9.77,ZA,1707794547
52,talnakh,69.4865,88.3972,-36.2,88,23,1.74,RU,1707794547
53,puerto ayora,-0.7393,-90.3518,26.97,96,55,1.34,EC,1707794548
54,yellowknife,62.456,-114.3525,-10.71,85,100,0.0,CA,1707794548
55,papatowai,-46.5619,169.4708,20.21,52,80,0.51,NZ,1707794549
56,codrington,-38.2667,141.9667,27.29,39,24,9.7,AU,1707794550
57,tura,25.5198,90.2201,23.01,21,35,0.77,IN,1707794550
58,nemuro,43.3236,145.575,2.55,78,6,7.32,JP,1707794550
59,haiku-pauwela,20.9219,-156.3051,26.01,68,20,4.63,US,1707794551
60,cidreira,-30.1811,-50.2056,23.18,93,100,3.6,BR,1707794551
61,stanley,54.868,-1.6985,4.01,85,40,8.75,GB,1707794551
62,punta arenas,-53.15,-70.9167,12.06,54,100,8.75,CL,1707794546
63,petropavlovsk-kamchatsky,53.0452,158.6483,-10.67,72,20,3.13,RU,1707794552
64,mount isa,-20.7333,139.5,33.87,52,75,4.12,AU,1707794552
65,mpika,-11.8343,31.4529,16.74,99,100,2.11,ZM,1707794552
66,kristiansund,63.1115,7.732,3.36,56,100,3.09,NO,1707794552
67,nushki,29.5542,66.0215,12.84,35,52,0.53,PK,1707794553
68,vorgashor,67.5833,63.95,-36.47,99,35,2.3,RU,1707794553
69,coquimbo,-29.9533,-71.3436,18.85,82,100,2.57,CL,1707794554
70,saudarkrokur,65.7461,-19.6394,0.05,96,100,8.67,IS,1707794554
71,pacific grove,36.6177,-121.9166,12.03,86,0,2.06,US,1707794554
72,tucuma,-0.1833,-50.05,25.04,92,71,2.92,BR,1707794554
73,nuuk,64.1835,-51.7216,-11.66,72,75,5.14,GL,1707794554
74,boende,-0.2167,20.8667,21.63,90,16,0.92,CD,1707794555
75,manismata,-2.4667,111.0333,31.12,62,56,2.09,ID,1707794555
76,toliara,-23.35,43.6667,25.36,84,100,3.74,MG,1707794555
77,currais novos,-6.2608,-36.5178,24.93,76,56,7.69,BR,1707794555
78,grootfontein,-19.5667,18.1167,18.76,82,45,0.51,NA,1707794556
79,afaahiti,-17.75,-149.2833,25.93,90,100,13.45,PF,1707794556
80,rumonge,-3.9736,29.4386,22.16,85,99,0.89,BI,1707794556
81,albany,42.6001,-73.9662,1.24,71,93,0.45,US,1707794541
82,novodvinsk,64.4165,40.8122,-27.9,100,10,1.15,RU,1707794556
83,magadan,59.5667,150.8,-19.71,89,53,0.7,RU,1707794557
84,aras-asan,8.8908,126.3033,27.95,67,98,5.49,PH,1707794557
85,hawaiian paradise park,19.5933,-154.9731,23.82,80,100,1.54,US,1707794557
86,san pedro,14.35,121.0167,30.75,63,40,5.36,PH,1707794557
87,kruisfontein,-34.0033,24.7314,17.16,84,9,3.58,ZA,1707794557
88,ponta delgada,37.7333,-25.6667,18.44,88,40,10.29,PT,1707794558
89,sipalay,9.75,122.5,32.09,39,33,7.55,PH,1707794558
90,ilek,51.5271,53.3831,0.77,99,100,7.43,RU,1707794558
91,dazhong,33.1997,120.4578,14.93,53,1,4.89,CN,1707794558
92,cataingan,12.003,123.992,26.65,82,53,6.77,PH,1707794558
93,carutapera,-1.195,-46.02,25.59,89,91,3.44,BR,1707794559
94,fisterra,42.9049,-9.2629,14.86,96,88,12.01,ES,1707794559
95,hami,42.8,93.45,0.25,28,100,3.3,CN,1707794559
96,college,64.8569,-147.8028,-5.86,86,75,3.6,US,1707794559
97,sao vicente,-23.9631,-46.3919,30.1,26,84,3.23,BR,1707794559
98,karratha,-20.7377,116.8463,31.52,59,4,5.33,AU,1707794416
99,kingston,17.997,-76.7936,26.53,86,20,8.75,JM,1707794355
100,tuy hoa,13.0833,109.3,23.38,82,98,3.7,VN,1707794560
101,cabo san lucas,22.8909,-109.9124,19.86,71,0,2.57,MX,1707794488
102,amga,60.8953,131.9608,-26.34,89,98,2.43,RU,1707794560
103,atafu village,-8.5421,-172.5159,28.03,82,100,11.09,TK,1707794560
104,sola,-13.8833,167.55,31.37,70,40,1.03,VU,1707794561
105,wegorzewo,54.2157,21.7372,4.23,94,100,4.44,PL,1707794561
106,flying fish cove,-10.4217,105.6791,28.82,78,100,0.0,CX,1707794561
107,ta`u,-14.2336,-169.5144,28.32,81,100,8.2,AS,1707794561
108,revda,56.801,59.9303,-10.14,95,100,2.75,RU,1707794562
109,ancud,-41.8697,-73.8203,10.63,73,58,2.2,CL,1707794562
110,iguape,-24.7081,-47.5553,26.08,74,100,2.22,BR,1707794562
111,minas de marcona,-15.2119,-75.1103,21.35,74,32,1.31,PE,1707794562
112,ilabaya,-17.4208,-70.5133,20.29,82,41,0.98,PE,1707794563
113,akjoujt,19.6969,-14.4164,23.12,28,10,2.34,MR,1707794563
114,kirando,-7.4167,30.6,22.76,82,100,1.52,TZ,1707794563
115,mufulira,-12.5498,28.2407,17.55,95,100,1.56,ZM,1707794563
116,ribeira grande,38.5167,-28.7,17.1,88,63,8.05,PT,1707794564
117,progreso,21.2833,-89.6667,24.06,69,88,7.45,MX,1707794564
118,bardai,11.65,7.2333,22.18,11,0,3.99,NG,1707794564
119,jamestown,42.097,-79.2353,-1.1,83,0,4.63,US,1707794373
120,chui,-33.6971,-53.4616,21.27,92,100,5.38,UY,1707794419
121,hamilton,39.1834,-84.5333,6.69,66,0,6.17,US,1707794424
122,saldanha,-33.0117,17.9442,17.03,94,99,4.82,ZA,1707794565
123,invercargill,-46.4,168.35,24.13,40,54,3.56,NZ,1707794565
124,rio grande,-32.035,-52.0986,22.75,93,100,3.32,BR,1707794550
125,queenstown,-31.8976,26.8753,16.74,76,0,1.58,ZA,1707794565
126,luderitz,-26.6481,15.1594,17.32,87,0,4.15,NA,1707794565
127,cobija,-11.0267,-68.7692,23.32,97,100,0.55,BO,1707794566
128,san antonio de pale,-1.4014,5.6325,28.29,81,55,2.68,GQ,1707794566
129,waitara,-38.925,174.25,22.5,64,17,4.29,NZ,1707794566
130,luga,58.7372,29.8453,-10.2,88,77,4.62,RU,1707794566
131,kodiak,57.79,-152.4072,5.73,75,100,6.17,US,1707794566
132,horta,38.5333,-28.6333,16.68,88,34,8.05,PT,1707794567
133,el aioun,34.5832,-2.5061,13.83,77,75,1.57,MA,1707794567
134,cidade velha,14.9167,-23.6167,21.26,83,20,2.57,CV,1707794567
135,minot air force base,48.4209,-101.3391,-6.9,88,75,1.54,US,1707794567
136,isafjordur,66.0755,-23.124,-0.59,81,100,8.67,IS,1707794568
137,zyryanskoye,56.8306,86.6258,-18.98,92,100,4.67,RU,1707794568
138,klaksvik,62.2266,-6.589,2.51,81,83,3.37,FO,1707794568
139,chibougamau,49.9168,-74.3659,-11.21,85,100,1.54,CA,1707794568
140,port alfred,-33.5906,26.891,18.43,96,0,1.85,ZA,1707794568
141,lihue,21.9789,-159.3672,25.77,67,0,4.12,US,1707794569
142,almeirim,-1.5233,-52.5817,24.35,93,76,1.72,BR,1707794569
143,avarua,-21.2078,-159.775,29.03,65,20,3.09,CK,1707794569
144,sorsk,54.0033,90.2467,-19.63,81,100,1.61,RU,1707794569
145,zierikzee,51.6539,3.9196,6.11,90,99,8.4,NL,1707794569
146,iqaluit,63.7506,-68.5145,-25.15,70,100,2.06,CA,1707794570
147,konarka,19.9,86.1167,22.22,55,52,0.53,IN,1707794570
148,margaret river,-33.95,115.0667,22.71,42,0,4.52,AU,1707794570
149,inirida,3.8653,-67.9239,24.64,83,77,0.89,CO,1707794570
150,jalai nur,49.45,117.7,-11.03,86,35,8.38,CN,1707794570
151,jwaneng,-24.6004,24.7303,19.18,59,0,3.19,BW,1707794572
152,iskateley,67.6803,53.1512,-32.77,100,23,2.24,RU,1707794572
153,netrakona,24.8833,90.7167,19.9,52,41,3.16,BD,1707794572
154,mejit,10.2753,170.8646,26.33,70,100,10.01,MH,1707794572
155,rongelap,11.1635,166.8941,26.39,77,85,9.07,MH,1707794572
156,ubari,26.5921,12.7805,14.37,46,0,3.67,LY,1707794573
157,yuzhno-kurilsk,44.0306,145.8556,3.54,70,15,2.82,RU,1707794573
158,oamaru,-45.0784,170.9801,23.99,41,75,7.01,NZ,1707794573
159,temiskaming shores,47.4938,-79.7153,-6.11,93,100,3.7,CA,1707794573
160,arraial do cabo,-22.9661,-42.0278,23.26,92,92,2.18,BR,1707794573
161,wailua homesteads,22.0669,-159.378,25.44,67,0,4.12,US,1707794573
162,kerikeri,-35.2268,173.9474,25.51,61,3,0.45,NZ,1707794574
163,midvagur,62.0511,-7.1939,2.46,93,75,2.57,FO,1707794574
164,ushuaia,-54.8,-68.3,8.81,71,0,1.54,AR,1707794574
165,bozkurt,41.9577,34.0109,14.24,56,100,3.64,TR,1707794574
166,chicoana,-25.1009,-65.5331,19.03,95,100,3.85,AR,1707794575
167,saipan,15.1355,145.701,30.39,51,0,10.8,MP,1707794575
168,egilsstadir,65.2653,-14.3948,-0.05,100,100,3.09,IS,1707794575
169,port mathurin,-19.6833,63.4167,27.39,84,13,9.17,MU,1707794575
170,faya-largeau,17.9257,19.1043,22.74,12,0,3.9,TD,1707794575
171,klyuchi,52.2667,79.1667,-12.75,82,100,4.37,RU,1707794576
172,ephrata,40.1798,-76.1788,6.6,87,100,2.06,US,1707794576
173,chonchi,-42.6128,-73.8092,11.56,76,73,0.84,CL,1707794576
174,kegeyli shahar,42.7767,59.6078,7.05,59,18,4.26,UZ,1707794576
175,karachi,24.9056,67.0822,17.9,48,75,2.06,PK,1707794576
176,papao,-17.75,-149.55,26.82,89,100,14.42,PF,1707794577
177,pandan,14.0453,124.1694,25.8,80,90,11.28,PH,1707794577
178,mount gambier,-37.8333,140.7667,23.99,46,46,6.81,AU,1707794577
179,smithers,54.7804,-127.1743,-4.82,100,20,1.03,CA,1707794577
180,gadzhiyevo,69.2551,33.3362,-20.48,100,75,5.19,RU,1707794577
181,bandarbeyla,9.4942,50.8122,25.34,79,9,4.37,SO,1707794578
182,ust-nera,64.5667,143.2,-34.21,95,92,1.05,RU,1707794578
183,bredasdorp,-34.5322,20.0403,18.14,95,73,2.92,ZA,1707794578
184,kapuskasing,49.4169,-82.4331,-10.0,79,100,3.09,CA,1707794578
185,leo,11.1,-2.1,23.94,11,39,3.09,BF,1707794578
186,utrik,11.2278,169.8474,26.06,72,100,9.78,MH,1707794579
187,castillos,-34.1667,-53.8333,19.66,89,100,7.24,UY,1707794579
188,eyl,7.9803,49.8164,24.18,84,14,3.63,SO,1707794579
189,sosnovka,56.255,51.2842,-8.78,97,100,1.02,RU,1707794579
190,alofi,-19.0595,-169.9187,28.94,79,75,5.66,NU,1707794579
191,prado,-17.3411,-39.2208,24.54,95,6,1.41,BR,1707794580
192,willmar,45.1219,-95.0433,-1.9,100,0,1.54,US,1707794580
193,kokoda,-8.8785,147.7407,30.35,75,65,0.39,PG,1707794580
194,datong,40.0936,113.2914,-0.06,56,7,0.5,CN,1707794580
195,birine,35.635,3.225,10.38,92,5,4.42,DZ,1707794580
196,port moresby,-9.4431,147.1797,30.54,63,98,4.75,PG,1707794525
197,santana,-0.0583,-51.1817,25.1,94,100,1.03,BR,1707794581
198,erenhot,43.6475,111.9767,-3.35,73,70,2.73,CN,1707794581
199,gaozhou,21.9392,110.8461,23.49,54,0,6.25,CN,1707794581
200,sekong,-6.3996,106.0252,30.92,63,81,0.62,ID,1707794581
201,korla,41.7597,86.1469,1.22,54,100,2.45,CN,1707794582
202,touros,-5.1989,-35.4608,27.19,80,92,5.4,BR,1707794582
203,kuantan,3.8077,103.326,27.06,83,20,4.12,MY,1707794582
204,vilyuchinsk,52.9306,158.4028,-9.85,65,3,1.99,RU,1707794582
205,nouadhibou,20.931,-17.0347,19.99,77,49,4.63,MR,1707794582
206,bengkulu,-3.8004,102.2655,30.0,63,70,1.01,ID,1707794583
207,berea,41.3662,-81.8543,0.59,83,100,4.63,US,1707794583
208,kailua-kona,19.6406,-155.9956,27.5,61,20,5.14,US,1707794583
209,talodi,10.6325,30.3797,24.98,11,66,2.52,SD,1707794583
210,thinadhoo,0.5333,72.9333,27.98,78,96,8.1,MV,1707794584
211,uturoa,-16.7333,-151.4333,27.24,88,100,11.16,PF,1707794584
212,princeville,45.7668,-61.2985,1.06,90,100,0.0,CA,1707794584
213,kuta,-8.7233,115.1723,30.0,74,20,3.6,ID,1707794584
214,aitape,-3.1374,142.3475,29.48,70,98,3.11,PG,1707794584
215,calchaqui,-29.8877,-60.287,22.43,96,100,4.38,AR,1707794585
216,sisimiut,66.9395,-53.6735,-24.7,88,30,2.92,GL,1707794585
217,lampang,18.3333,99.5,30.15,61,38,1.54,TH,1707794585
218,santarem,-2.4431,-54.7083,24.07,100,100,6.69,BR,1707794585
219,sur,22.5667,59.5289,21.5,82,66,1.64,OM,1707794586
220,sinop,41.7711,34.8709,10.87,56,100,3.21,TR,1707794354
221,rajshahi,24.3667,88.6,21.81,33,82,1.58,BD,1707794586
222,hirara,24.8,125.2833,22.92,60,75,7.2,JP,1707794586
223,kidal,18.4411,1.4078,22.27,9,71,3.76,ML,1707794587
224,mar del plata,-38.0023,-57.5575,17.83,55,0,8.05,AR,1707794490
225,tolanaro,-25.0319,46.9987,25.04,94,75,3.09,MG,1707794587
226,severo-yeniseyskiy,60.3725,93.0408,-21.9,96,100,4.02,RU,1707794587
227,broome,42.2506,-75.833,0.0,87,0,1.54,US,1707794587
228,amurzet,47.6967,131.0981,0.01,97,92,3.04,RU,1707794588
229,ringkobing,56.0901,8.244,2.79,89,73,6.13,DK,1707794588
230,coxim,-18.5067,-54.76,25.4,76,67,1.47,BR,1707794588
231,labrador city,52.9463,-66.9114,-12.05,85,100,3.09,CA,1707794588
232,qaqortoq,60.7167,-46.0333,-3.01,96,100,4.17,GL,1707794588
233,basco,20.4487,121.9702,21.87,65,97,9.22,PH,1707794589
234,barah,13.7,30.3667,18.73,18,38,2.72,SD,1707794589
235,palmer,42.1584,-72.3287,2.57,68,75,0.0,US,1707794589
236,envira,-7.3,-70.2167,22.42,99,82,0.47,BR,1707794589
237,nizhneudinsk,54.9076,99.0276,-14.84,72,100,4.11,RU,1707794589
238,howrah,22.5892,88.3103,22.0,73,40,0.0,IN,1707794590
239,lepsy,46.235,78.9456,-11.65,77,11,3.65,KZ,1707794590
240,pisco,-13.7,-76.2167,24.03,78,0,6.17,PE,1707794590
241,ulladulla,-35.35,150.4667,30.13,50,8,7.25,AU,1707794590
242,arno,60.1167,18.6333,-3.45,95,100,6.55,SE,1707794591
243,gizo,-8.103,156.8419,28.92,73,12,6.16,SB,1707794591
244,es castell,39.8795,4.2854,11.38,82,0,7.2,ES,1707794591
245,loganville,33.839,-83.9007,11.25,89,75,7.72,US,1707794588
246,canutama,-6.5339,-64.3831,23.52,98,100,0.85,BR,1707794591
247,new norfolk,-42.7826,147.0587,22.18,26,39,4.17,AU,1707794592
248,kirovskiy,45.0917,133.5136,2.67,93,6,3.5,RU,1707794592
249,raduzhnyy,62.0961,77.475,-34.99,100,80,1.11,RU,1707794592
250,kayangel,8.0823,134.7173,27.29,78,61,10.81,PW,1707794592
251,mendi,-6.1761,143.6513,21.08,59,100,2.14,PG,1707794592
252,santiago de cuba,20.0247,-75.8219,25.06,78,20,2.06,CU,1707794404
253,yaren,-0.5472,166.916,28.71,76,50,4.8,NR,1707794593
254,mili,6.0815,171.735,27.59,75,99,9.02,MH,1707794593
255,sirte,31.2089,16.5887,15.83,46,84,4.3,LY,1707794593
256,mount pearl,47.5166,-52.7813,0.53,93,100,5.14,CA,1707794594
257,kavieng,-2.5744,150.7967,28.53,76,100,4.06,PG,1707794594
258,tezu,27.9167,96.1667,22.47,23,7,0.61,IN,1707794594
259,greymouth,-42.4667,171.2,17.19,62,94,3.45,NZ,1707794594
260,odda,60.0691,6.5457,2.1,86,70,3.97,NO,1707794595
261,dapa,9.7594,126.0531,27.7,69,82,6.98,PH,1707794595
262,biltine,14.5333,20.9167,21.37,11,1,3.7,TD,1707794595
263,chefchaouene,35.1688,-5.2636,11.76,93,56,0.89,MA,1707794595
264,villa regina,-39.1,-67.0667,18.88,15,0,0.89,AR,1707794595
265,cartagena,10.3997,-75.5144,26.79,83,0,2.57,CO,1707794473
266,linxia chengguanzhen,35.6003,103.2064,6.38,23,12,0.62,CN,1707794596
267,korostyshiv,50.3172,29.0563,8.14,96,100,2.22,UA,1707794596
268,carnarvon,-24.8667,113.6333,24.95,79,0,7.78,AU,1707794596
269,crane,31.3974,-102.3501,11.01,30,0,2.84,US,1707794596
270,ndungu,-4.3667,38.05,22.98,95,100,0.91,TZ,1707794597
271,severobaykal'sk,55.65,109.3167,-19.16,77,100,0.7,RU,1707794597
272,yeppoon,-23.1333,150.7333,28.88,74,63,6.4,AU,1707794597
273,kachug,53.9606,105.8817,-16.08,95,100,0.45,RU,1707794597
274,malanville,11.8685,3.3899,24.26,12,43,2.68,BJ,1707794598
275,ingeniero guillermo n. juarez,-23.9,-61.85,28.3,66,68,4.32,AR,1707794598
276,metlili chaamba,32.2667,3.6333,16.52,63,0,5.66,DZ,1707794598
277,tosontsengel,48.7567,98.2839,-16.46,90,100,3.15,MN,1707794598
278,la'ie,21.6477,-157.9253,27.98,61,0,1.79,US,1707794598
279,mirny,62.5353,113.9611,-27.75,97,99,1.87,RU,1707794599
280,kpandae,8.4689,-0.0113,27.93,63,50,3.04,GH,1707794599
281,garden city,42.3256,-83.331,0.14,81,40,0.0,US,1707794599
282,cururupu,-1.8283,-44.8683,23.9,95,80,0.97,BR,1707794599
283,vila franca do campo,37.7167,-25.4333,18.27,99,48,9.25,PT,1707794599
284,antsiranana,-12.2787,49.2917,24.42,88,40,0.0,MG,1707794600
285,pikeville,37.4793,-82.5188,9.06,95,100,1.54,US,1707794559
286,tadine,-21.55,167.8833,27.6,78,26,9.1,NC,1707794600
287,palikir - national government center,6.9248,158.1611,29.47,79,100,7.72,FM,1707794329
288,an nimas,19.1455,42.1201,10.14,83,10,0.59,SA,1707794600
289,villa gesell,-37.2639,-56.973,17.25,55,3,10.31,AR,1707794601
290,cabedelo,-6.9811,-34.8339,26.37,85,68,2.88,BR,1707794601
291,sorong,-0.8833,131.25,27.97,76,60,6.86,ID,1707794601
292,motygino,58.1831,94.7592,-18.25,93,100,4.36,RU,1707794601
293,tiksi,71.6872,128.8694,-32.66,100,100,0.92,RU,1707794601
294,lompoc,34.6391,-120.4579,12.1,84,75,2.57,US,1707794602
295,siquirres,10.0975,-83.5066,24.69,91,99,0.67,CR,1707794602
296,alice springs,-23.7,133.8833,36.23,25,40,3.6,AU,1707794602
297,gumel,12.6279,9.3912,20.48,11,0,4.05,NG,1707794602
298,kaa-khem,51.6833,94.7333,-19.77,80,84,1.42,RU,1707794602
299,dazhou,31.2159,107.5009,13.44,62,100,0.77,CN,1707794603
300,dudinka,69.4058,86.1778,-37.4,99,36,1.79,RU,1707794603
301,wayne,42.2506,-83.2833,0.17,81,40,0.0,US,1707794603
302,craig,40.5153,-107.5464,-5.21,79,0,0.0,US,1707794498
303,at taraf,25.3628,49.725,12.3,68,0,2.86,SA,1707794603
304,benghazi,32.1167,20.0667,15.61,57,4,4.5,LY,1707794604
305,rimouski,48.4488,-68.524,-3.18,92,82,2.22,CA,1707794402
306,salalah,17.0151,54.0924,23.05,83,0,2.06,OM,1707794604
307,kisangani,0.5167,25.2,23.98,76,71,1.52,CD,1707794604
308,geraldton,-28.7667,114.6,34.23,26,0,7.72,AU,1707794605
309,ola,59.5833,151.2833,-19.37,80,57,1.27,RU,1707794605
310,sinabang,2.4803,96.3801,29.59,67,4,0.64,ID,1707794605
311,susuman,62.7833,148.1667,-36.68,97,77,0.45,RU,1707794605
312,lanzhou,36.0564,103.7922,7.57,23,13,0.31,CN,1707794605
313,flin flon,54.7682,-101.865,-5.5,95,100,2.53,CA,1707794606
314,kudahuvadhoo,2.6708,72.8944,27.77,79,97,7.48,MV,1707794606
315,bay roberts,47.5999,-53.2648,1.19,94,100,1.79,CA,1707794606
316,jinzhou,41.1078,121.1417,7.24,56,0,3.86,CN,1707794606
317,port lincoln,-34.7333,135.8667,21.51,63,4,8.87,AU,1707794606
318,siavonga,-16.5382,28.7088,23.24,84,83,3.71,ZM,1707794607
319,kavaratti,10.5669,72.642,27.81,67,18,3.89,IN,1707794607
320,havelberg,52.8309,12.0755,4.91,98,37,1.34,DE,1707794607
321,merizo village,13.2658,144.6691,30.31,75,69,10.54,GU,1707794607
322,puerto lempira,15.2667,-83.7667,26.9,79,7,7.04,HN,1707794607
323,wanganui,-39.9333,175.05,23.12,45,3,3.74,NZ,1707794608
324,turkmenabat,39.0733,63.5786,4.99,93,0,2.06,TM,1707794608
325,kapa'a,22.0752,-159.319,26.18,67,0,4.12,US,1707794608
326,taco pozo,-25.6167,-63.2833,23.08,95,100,6.93,AR,1707794608
327,warmbad,-28.45,18.7333,22.88,38,0,3.31,NA,1707794609
328,lazaro cardenas,17.9583,-102.2,23.3,76,60,0.33,MX,1707794609
329,sagay,10.9447,123.4242,26.89,77,51,5.76,PH,1707794609
330,lebu,-37.6167,-73.65,14.28,82,0,10.66,CL,1707794609
331,zhangjiakou,40.81,114.8794,2.24,55,5,1.11,CN,1707794610
332,mirnyy,62.5353,113.9611,-27.75,97,99,1.87,RU,1707794610
333,sayansk,54.1088,102.1648,-14.49,75,100,4.67,RU,1707794610
334,ugep,5.8086,8.0812,25.13,94,4,1.59,NG,1707794611
335,chebba,35.2372,11.115,13.83,79,7,8.45,TN,1707794611
336,solwezi,-12.1688,26.3894,16.74,97,100,1.61,ZM,1707794611
337,rome,34.257,-85.1647,11.93,82,20,5.66,US,1707794450
338,yung shue wan,22.2333,114.1167,22.41,63,83,0.89,HK,1707794611
339,archidona,37.0965,-4.3887,13.84,89,91,2.26,ES,1707794612
340,keflavik,64.0049,-22.5624,0.95,86,20,10.8,IS,1707794612
341,huambo,-12.7761,15.7392,16.42,90,100,0.64,AO,1707794612
342,wuwei,37.9281,102.6414,4.67,18,69,2.02,CN,1707794612
343,port hedland,-20.3167,118.5667,32.03,62,100,4.63,AU,1707794383
344,forbes,-33.3833,148.0167,34.4,30,25,5.6,AU,1707794613
345,winsen,53.3667,10.2167,4.71,99,8,3.9,DE,1707794613
346,mil'kovo,55.6078,37.7956,-3.66,96,100,3.43,RU,1707794613
347,rumst,51.0797,4.4251,4.54,91,0,2.57,BE,1707794614
348,pokaran,26.9167,71.9167,15.14,26,100,3.56,IN,1707794614
349,takoradi,4.8845,-1.7554,26.7,91,12,0.9,GH,1707794614
350,nova sintra,14.8667,-24.7167,19.89,81,100,5.98,CV,1707794614
351,suifenhe,44.4,131.1667,5.41,66,23,6.69,CN,1707794614
352,tyuratam,45.6507,63.3156,-4.61,71,27,3.69,KZ,1707794614
353,jayapura,-2.5333,140.7,31.66,68,82,2.96,ID,1707794615
354,mossel bay,-34.1831,22.146,17.96,80,34,4.0,ZA,1707794615
355,vokhtoga,58.8147,41.0461,-25.2,100,100,1.59,RU,1707794615
356,eastbourne,50.7687,0.2845,8.85,83,96,1.34,GB,1707794615
357,luba,3.4568,8.5547,27.94,89,15,2.86,GQ,1707794615
358,rzhev,56.2624,34.3282,-2.05,95,100,4.19,RU,1707794616
359,nikolayevsk-on-amure,53.1406,140.73,-13.22,81,100,1.69,RU,1707794616
360,ciudad lazaro cardenas,17.9583,-102.2,23.3,76,60,0.33,MX,1707794616
361,kavalerovo,44.2661,135.0572,8.08,64,0,3.13,RU,1707794616
362,usinsk,65.9939,57.5281,-29.4,98,7,1.79,RU,1707794616
363,taoudenni,22.6783,-3.9836,23.93,32,0,4.68,ML,1707794617
364,sale,34.0389,-6.8166,15.38,100,75,2.06,MA,1707794617
365,al bayda',32.7627,21.7551,11.19,66,41,7.3,LY,1707794617
366,taksimo,56.3444,114.8794,-15.56,76,100,1.17,RU,1707794617
367,fort st. john,56.2499,-120.8529,-2.06,40,20,3.09,CA,1707794324
368,cheremukhovo,60.3484,59.9851,-13.91,97,100,0.45,RU,1707794618
369,i-n-salah,27.1935,2.4607,20.45,27,0,3.02,DZ,1707794618
370,viqueque,-8.8673,126.3658,27.61,83,99,1.01,TL,1707794618
371,katabu,-4.9333,122.5167,30.02,64,97,3.26,ID,1707794619
372,coruripe,-10.1256,-36.1756,26.17,81,97,3.63,BR,1707794619
373,suva,-18.1416,178.4415,29.71,84,75,2.06,FJ,1707794619
374,mgandu,-5.95,34.1333,16.84,94,100,1.35,TZ,1707794619
375,kyzylorda,44.8528,65.5092,-0.99,80,0,3.0,KZ,1707794620
376,ikwiriri,-7.9562,38.9716,24.32,98,100,0.65,TZ,1707794620
377,talakan,50.3167,130.3667,-3.68,92,100,0.65,RU,1707794620
378,mpulungu,-8.7623,31.1141,22.45,86,100,1.92,ZM,1707794620
379,pimentel,-6.8367,-79.9342,25.16,83,100,4.12,PE,1707794621
380,hasaki,35.7333,140.8333,15.22,51,2,11.24,JP,1707794621
381,port isabel,26.0734,-97.2086,16.12,65,0,3.58,US,1707794621
382,aykhal,66.0,111.5,-32.96,97,100,2.96,RU,1707794621
383,ca mau,9.1769,105.15,31.36,43,37,4.56,VN,1707794622
384,sechura,-5.5569,-80.8222,27.34,65,96,5.56,PE,1707794622
385,novoanninskiy,50.5287,42.6747,4.16,100,100,2.09,RU,1707794622
386,vredendal,-31.6683,18.5012,18.45,87,94,1.93,ZA,1707794622
387,welver,51.6167,7.9667,5.91,96,46,3.36,DE,1707794622
388,gandajika,-6.75,23.95,19.86,95,40,1.42,CD,1707794623
389,axim,4.8699,-2.2405,27.55,86,13,2.54,GH,1707794623
390,santa ana de yacuma,-13.75,-65.4333,23.91,95,100,2.1,BO,1707794623
391,iglino,54.8324,56.4126,-7.95,95,100,6.43,RU,1707794623
392,kone,-21.0595,164.8658,32.56,51,14,3.0,NC,1707794623
393,tekeli,44.83,78.8239,-9.43,52,15,3.82,KZ,1707794624
394,sitka,57.0531,-135.33,2.94,87,0,2.06,US,1707794624
395,abha,18.2164,42.5053,12.14,82,40,2.06,SA,1707794624
396,sheregesh,52.9209,87.9869,-16.47,94,100,2.51,RU,1707794624
397,vanimo,-2.6741,141.3028,29.69,67,93,2.77,PG,1707794624
398,kiunga,-6.1219,141.2906,31.48,61,100,0.71,PG,1707794625
399,gashua,12.871,11.0482,20.54,12,0,4.3,NG,1707794625
400,road town,18.4167,-64.6167,24.05,73,0,6.78,VG,1707794625
401,sonderborg,54.9093,9.8074,4.93,87,75,3.09,DK,1707794625
402,kambove,-10.8764,26.5969,15.97,97,100,1.59,CD,1707794625
403,zawadzkie,50.605,18.4847,4.45,93,97,3.15,PL,1707794625
404,barcelos,41.5388,-8.6151,14.08,94,100,2.54,PT,1707794517
405,lamu,-2.2717,40.902,24.14,96,27,1.76,KE,1707794626
406,tobruk,32.0836,23.9764,14.95,66,11,7.57,LY,1707794626
407,newman,37.3138,-121.0208,12.13,79,60,1.65,US,1707794634
408,qamdo,31.1667,97.2333,-4.42,30,1,2.85,CN,1707794635
409,ballina,-28.8667,153.5667,28.77,57,93,4.22,AU,1707794635
410,vorkuta,67.5,64.0,-35.84,99,37,2.53,RU,1707794635
411,nyagan,62.1406,65.3936,-33.05,100,100,1.86,RU,1707794635
412,oranjemund,-28.55,16.4333,17.58,96,62,3.42,NA,1707794635
413,nagqu,31.5,92.0,-8.96,32,100,3.16,CN,1707794636
414,cockburn town,21.4612,-71.1419,25.24,76,0,9.31,TC,1707794636
415,kuchaiburi,22.2667,86.1667,23.3,36,70,0.85,IN,1707794636
416,porto novo,6.4965,2.6036,26.55,86,0,2.26,BJ,1707794636
417,dunedin,-45.8742,170.5036,24.36,36,46,2.42,NZ,1707794636
418,ban karon,7.8477,98.2985,29.95,72,4,8.01,TH,1707794637
419,remire-montjoly,4.9167,-52.2667,27.02,89,75,3.6,GF,1707794637
420,happy valley-goose bay,53.3168,-60.3315,-6.83,93,100,2.57,CA,1707794420
421,archangelos,36.2149,28.1149,11.84,81,100,2.62,GR,1707794637
422,dakhla,23.6848,-15.958,19.51,77,60,4.33,EH,1707794637
423,olinda,-8.0089,-34.8553,27.85,83,75,3.6,BR,1707794638
424,salekhard,66.53,66.6019,-36.98,98,9,1.86,RU,1707794638
425,contai,21.7786,87.7536,24.27,35,40,1.1,IN,1707794638
426,erdenet,49.0333,104.0833,-14.15,87,95,1.6,MN,1707794638
427,hwange,-18.3693,26.5019,18.77,73,0,1.13,ZW,1707794638
428,borgarnes,64.5383,-21.9206,1.03,86,99,5.58,IS,1707794639
429,ghanzi,-21.5667,21.7833,22.34,47,0,5.66,BW,1707794639
430,gumdag,39.2061,54.5906,10.64,45,7,5.58,TM,1707794639
431,tromso,69.6496,18.957,-4.99,46,100,5.66,NO,1707794639
432,severnoye,56.3491,78.3619,-22.29,98,100,2.5,RU,1707794639
433,cooper's town,26.8667,-77.5167,23.42,86,0,8.29,BS,1707794640
434,east london,-33.0153,27.9116,20.52,88,0,2.06,ZA,1707794640
435,saint-francois,46.4154,3.9054,4.12,94,40,1.54,FR,1707794640
436,tucurui,-3.7661,-49.6725,23.93,98,100,1.22,BR,1707794641
437,karor,31.2274,70.9492,13.61,28,0,1.73,PK,1707794641
438,qarauyl,48.9451,79.255,-14.18,70,73,2.59,KZ,1707794641
439,okhotsk,59.3833,143.3,-22.51,86,100,2.9,RU,1707794641
440,taroa,8.7058,171.2275,27.06,69,100,9.44,MH,1707794641
441,najera,42.4244,-2.734,4.07,84,97,0.58,ES,1707794642
442,kirensk,57.7853,108.1119,-14.0,87,100,4.91,RU,1707794642
443,yurty,56.0498,97.6348,-16.08,85,100,5.65,RU,1707794642
444,shache,38.4167,77.2406,5.95,32,96,3.81,CN,1707794642
445,bikaner,28.0167,73.3,14.94,25,100,2.44,IN,1707794643
446,pamandzi,-12.7967,45.2794,27.88,83,0,2.57,YT,1707794643
447,polyarnyy,69.1989,33.4478,-21.75,100,84,4.83,RU,1707794643
448,gorontalo,0.5412,123.0595,30.13,67,100,0.58,ID,1707794643
449,chyorny yar,48.0624,46.1091,0.96,95,100,2.97,RU,1707794643
450,karoi,-16.8099,29.6925,16.68,92,80,1.47,ZW,1707794644
451,tregunc,47.85,-3.85,10.33,87,100,2.94,FR,1707794644
452,gedo,9.0167,37.45,13.78,74,86,0.38,ET,1707794644
453,pasuquin,18.3328,120.6177,28.97,54,2,3.6,PH,1707794644
454,voskresenskoye,56.8381,45.4317,-9.23,95,97,3.28,RU,1707794645
455,tambopata,-12.7333,-69.1833,23.51,99,100,0.99,PE,1707794645
456,tynda,55.1667,124.7167,-13.99,77,100,3.11,RU,1707794645
457,gharo,24.7424,67.5856,18.12,13,95,2.14,PK,1707794645
458,praya,14.9215,-23.5087,21.3,83,20,2.57,CV,1707794645
459,regina,50.4501,-104.6178,-6.09,83,75,4.63,CA,1707794641
460,port blair,11.6667,92.75,29.02,74,20,4.12,IN,1707794646
461,yeniseysk,58.4497,92.1703,-18.35,93,100,3.77,RU,1707794646
462,berezovo,63.9381,65.0419,-37.7,100,51,2.29,RU,1707794646
463,whitehorse,60.7161,-135.0538,-3.57,68,100,1.03,CA,1707794360
464,as saffaniyah,27.9708,48.73,16.37,64,0,3.84,SA,1707794647
465,untsukul',42.7115,46.7866,7.72,33,100,3.15,RU,1707794647
466,lorengau,-2.0226,147.2712,28.81,75,78,3.75,PG,1707794647
467,iraucuba,-3.7461,-39.7833,24.36,88,70,1.83,BR,1707794647
468,aktau,43.65,51.2,4.32,67,100,5.7,KZ,1707794648
469,chiang klang,19.2938,100.8617,28.33,39,38,1.03,TH,1707794648
470,colonia,50.9333,6.95,4.93,90,75,1.54,DE,1707794557
471,kununurra,-15.7667,128.7333,29.99,79,75,5.66,AU,1707794648
472,san patricio,28.017,-97.5169,13.97,54,0,2.48,US,1707794649
473,island harbour,50.724,-1.2758,8.29,87,99,1.34,GB,1707794649
474,eagle pass,28.7091,-100.4995,12.93,39,0,2.44,US,1707794649
475,barra de santo antonio,-9.4047,-35.5072,26.6,93,82,1.14,BR,1707794649
476,kurayoshi,35.4333,133.8167,14.95,51,0,1.39,JP,1707794650
477,beira,-19.8436,34.8389,26.05,73,75,3.09,MZ,1707794650
478,namibe,-15.1961,12.1522,24.2,82,100,4.59,AO,1707794650
479,uliastay,47.7417,96.8444,-18.85,78,0,2.16,MN,1707794650
480,bangassou,4.7413,22.8184,22.46,63,8,0.16,CF,1707794650
481,kushima,31.4583,131.2333,16.26,58,38,2.29,JP,1707794651
482,tofol,5.3248,163.0078,28.88,79,100,10.8,FM,1707794651
483,vanino,49.0869,140.2543,1.63,74,100,1.06,RU,1707794655
484,corner brook,48.9667,-57.9484,-0.91,97,100,1.54,CA,1707794655
485,bamboo flat,11.7,92.7167,29.05,74,20,4.12,IN,1707794656
486,baise city,23.8997,106.6133,20.06,68,39,2.35,CN,1707794656
487,guaruja,-23.9931,-46.2564,28.83,26,90,3.14,BR,1707794656
488,atar,20.5169,-13.0499,22.72,25,31,2.32,MR,1707794656
489,kon tum,14.35,108.0,27.78,37,18,1.2,VN,1707794656
490,raduzhny,62.0961,77.475,-34.99,100,80,1.11,RU,1707794657
491,obubra,6.0752,8.329,25.09,91,0,1.75,NG,1707794657
492,toungo,8.1167,12.05,23.46,20,0,0.62,NG,1707794657
493,balatonfured,46.9619,17.8719,6.69,83,50,7.15,HU,1707794657
494,ploneour-lanvern,47.9,-4.2833,10.18,81,100,3.6,FR,1707794657
495,barclayville,4.6797,-8.2339,25.56,94,18,1.06,LR,1707794658
496,santa terezinha,-29.9002,-50.0904,23.95,90,100,3.76,BR,1707794658
497,burabay,53.0838,70.3138,-18.13,79,65,4.82,KZ,1707794658
498,reggane,26.7158,0.1714,21.03,26,0,3.83,DZ,1707794658
499,vilyuysk,63.7553,121.6247,-27.33,93,100,3.1,RU,1707794658
500,brookings,44.3114,-96.7984,-1.0,89,0,0.0,US,1707794659
501,lospalos,-8.5186,127.0025,27.69,72,100,4.13,TL,1707794659
502,saguenay,48.4168,-71.0657,-10.55,92,20,2.57,CA,1707794659
503,apolinario saravia,-24.4328,-63.9954,22.68,97,100,6.31,AR,1707794659
504,westport,41.1415,-73.3579,4.75,61,100,3.6,US,1707794536
505,mecca,21.4267,39.8261,22.57,71,70,1.07,SA,1707794660
506,kamaishi,39.2667,141.8833,9.4,55,18,4.79,JP,1707794660
507,yuanping,38.7153,112.7575,6.57,38,2,0.6,CN,1707794660
508,viamao,-30.0811,-51.0233,26.42,88,0,1.54,BR,1707794661
509,illapel,-31.6308,-71.1653,23.05,54,0,0.58,CL,1707794661
510,kato achaia,38.15,21.55,10.45,100,40,0.0,GR,1707794661
511,rakops,-21.0167,24.3333,22.71,53,0,3.15,BW,1707794661
512,hadibu,12.65,54.0333,24.15,79,13,3.78,YE,1707794662
513,madang,-5.2246,145.7966,31.27,62,84,2.12,PG,1707794662
514,buala,-8.145,159.5921,30.27,65,83,4.28,SB,1707794662
515,monetnyy,57.0472,60.8794,-11.32,92,100,3.21,RU,1707794663
516,frontera,26.9333,-101.45,13.27,30,0,1.34,MX,1707794663
517,ulsteinvik,62.3432,5.8487,4.5,66,100,3.58,NO,1707794663
518,ad dilam,23.9915,47.1627,11.23,84,0,2.06,SA,1707794663
519,sao gabriel da cachoeira,-0.1303,-67.0892,24.44,86,72,1.01,BR,1707794664
520,miri,4.4148,114.0089,31.08,70,40,4.63,MY,1707794664
521,estacion santa engracia,24.0159,-99.2015,14.06,31,99,1.34,MX,1707794664
522,ivanava,52.1451,25.5365,6.13,90,100,2.7,BY,1707794664
523,malango,-2.9627,119.9001,21.84,96,100,0.17,ID,1707794664
524,vila velha,-20.3297,-40.2925,25.97,93,20,2.57,BR,1707794506
525,mbanza-ngungu,-5.25,14.8667,21.25,94,100,1.81,CD,1707794665
526,recani,31.2846,-4.2688,16.18,29,11,1.56,MA,1707794665
527,general acha,-37.377,-64.6043,15.69,35,0,4.59,AR,1707794665
528,dire,12.2833,-10.9667,26.38,12,1,0.85,ML,1707794665
529,callao,-12.0667,-77.15,25.95,69,0,8.23,PE,1707794666
530,zlotow,53.3635,17.0408,3.94,86,100,5.83,PL,1707794666
531,zavetnoye,47.1194,43.8903,6.65,75,96,3.32,RU,1707794666
532,paranaiba,-19.6772,-51.1908,24.56,67,12,1.86,BR,1707794607
533,vuktyl,63.8567,57.3094,-18.83,99,98,1.34,RU,1707794667
534,ibiruba,-28.6275,-53.0897,26.96,58,98,1.97,BR,1707794667
535,crucecita,-28.95,-58.9833,22.21,93,30,4.77,AR,1707794667
536,reyes,-14.3167,-67.3833,23.26,99,92,0.94,BO,1707794667
537,nguigmi,14.2495,13.1092,21.17,16,8,4.94,NE,1707794667
538,ontario,34.0633,-117.6509,14.81,52,0,2.57,US,1707794668
539,nouna,12.7333,-3.8667,24.24,10,61,2.51,BF,1707794668
540,arcachon,44.5875,-1.0519,5.18,93,83,1.54,FR,1707794668
541,las tablas,7.7667,-80.2833,26.21,99,56,2.21,PA,1707794668
542,acarau,-2.8856,-40.12,26.39,86,100,5.65,BR,1707794668
543,richards bay,-28.783,32.0377,22.49,74,86,3.22,ZA,1707794669
544,canavieiras,-15.675,-38.9472,24.7,93,38,1.99,BR,1707794667
545,taltal,-25.4,-70.4833,20.43,83,89,1.33,CL,1707794669
546,lata,40.1629,-8.3327,13.37,97,100,1.7,PT,1707794669
547,key west,24.5557,-81.7826,24.44,90,40,2.57,US,1707794442
548,fabens,31.5023,-106.1586,10.62,26,0,1.44,US,1707794670
549,dul'durga,50.6761,113.5931,-11.61,58,2,6.8,RU,1707794670
550,zheleznodorozhnyy,55.7503,38.0042,-3.71,95,100,3.13,RU,1707794670
551,bandar lampung,-5.4254,105.258,29.6,67,92,3.42,ID,1707794670
552,aomori,40.8244,140.74,10.53,57,75,9.83,JP,1707794406
553,turaiyur,11.1667,78.6167,26.59,63,99,3.4,IN,1707794671
554,hun,29.1268,15.9477,14.4,49,6,4.13,LY,1707794671
555,tabou,4.423,-7.3528,26.83,88,8,2.57,CI,1707794672
556,paris,48.8534,2.3488,3.5,93,0,1.54,FR,1707794560
557,lerwick,60.1545,-1.1494,4.0,92,97,6.28,GB,1707794672
558,markovo,57.3206,107.0881,-14.11,89,100,3.99,RU,1707794672
559,tirumullaivasal,11.2333,79.8333,27.94,60,91,4.92,IN,1707794673
560,turaif,31.6725,38.6637,7.14,81,0,4.12,SA,1707794673
561,cascais,38.6979,-9.4215,18.06,98,100,9.83,PT,1707794673
562,tukrah,32.5341,20.5791,13.53,69,4,4.43,LY,1707794673
563,kolonia,50.9333,6.95,4.93,90,75,1.54,DE,1707794673
564,lae,-6.7221,146.9847,36.37,59,91,2.72,PG,1707794674
